season,round,driver_id,decision_lap,historical_pit_lap_ACTUAL,recommended_pit_lap_SIMULATED,recommended_window_SIMULATED,lap_difference,historical_lap_in_recommended_window
2024,1,max_verstappen,14,17,24,"[23, 25]",7,False
2024,1,sergio_perez,9,12,24,"[23, 25]",12,False
2024,1,carlos_sainz,11,14,24,"[23, 25]",10,False
2024,1,charles_leclerc,8,11,20,"[19, 21]",9,False
2024,1,george_russell,8,11,20,"[19, 21]",9,False
2024,1,lando_norris,10,13,24,"[23, 25]",11,False
2024,1,lewis_hamilton,9,12,24,"[23, 25]",12,False
2024,1,oscar_piastri,9,12,24,"[23, 25]",12,False
2024,1,fernando_alonso,12,15,24,"[23, 25]",9,False
2024,1,lance_stroll,6,9,20,"[19, 21]",11,False
2024,1,guanyu_zhou,6,9,20,"[19, 21]",11,False
2024,1,kevin_magnussen,8,11,20,"[19, 21]",9,False
2024,1,daniel_ricciardo,10,13,20,"[19, 21]",7,False
2024,1,yuki_tsunoda,11,14,20,"[19, 21]",6,False
2024,1,alexander_albon,12,15,20,"[19, 21]",5,False
2024,1,esteban_ocon,7,10,20,"[19, 21]",10,False
2024,1,pierre_gasly,9,12,20,"[19, 21]",8,False
2024,1,valtteri_bottas,9,12,20,"[19, 21]",8,False
2024,1,logan_sargeant,7,10,20,"[19, 21]",10,False
2024,2,max_verstappen,4,7,19,"[18, 20]",12,False
2024,2,sergio_perez,4,7,19,"[18, 20]",12,False
2024,2,charles_leclerc,4,7,19,"[18, 20]",12,False
2024,2,oscar_piastri,4,7,19,"[18, 20]",12,False
2024,2,fernando_alonso,4,7,19,"[18, 20]",12,False
2024,2,george_russell,4,7,19,"[18, 20]",12,False
2024,2,oliver_bearman,4,7,19,"[18, 20]",12,False
2024,2,lando_norris,34,37,34,"[34, 35]",-3,False
2024,2,lewis_hamilton,33,36,33,"[33, 34]",-3,False
2024,2,nico_hulkenberg,30,33,30,"[30, 31]",-3,False
2024,2,alexander_albon,4,7,19,"[18, 20]",12,False
2024,2,kevin_magnussen,4,7,19,"[18, 20]",12,False
2024,2,esteban_ocon,4,7,19,"[18, 20]",12,False
2024,2,logan_sargeant,4,7,19,"[18, 20]",12,False
2024,2,yuki_tsunoda,4,7,19,"[18, 20]",12,False
2024,2,daniel_ricciardo,4,7,19,"[18, 20]",12,False
2024,2,valtteri_bottas,4,7,19,"[18, 20]",12,False
2024,2,guanyu_zhou,38,41,38,"[38, 39]",-3,False
2024,3,carlos_sainz,13,16,16,"[15, 17]",0,True
2024,3,charles_leclerc,6,9,16,"[15, 17]",7,False
2024,3,lando_norris,11,14,16,"[15, 17]",2,False
2024,3,oscar_piastri,6,9,16,"[15, 17]",7,False
2024,3,sergio_perez,11,14,16,"[15, 17]",2,False
2024,3,lance_stroll,5,8,16,"[15, 17]",8,False
2024,3,yuki_tsunoda,6,9,16,"[15, 17]",7,False
2024,3,fernando_alonso,14,17,16,"[15, 17]",-1,True
2024,3,nico_hulkenberg,14,17,16,"[15, 17]",-1,True
2024,3,kevin_magnussen,4,7,4,"[4, 5]",-3,False
2024,3,alexander_albon,3,6,3,"[3, 4]",-3,False
2024,3,daniel_ricciardo,2,5,2,"[2, 3]",-3,False
2024,3,pierre_gasly,14,17,16,"[15, 17]",-1,True
2024,3,valtteri_bottas,5,8,16,"[15, 17]",8,False
2024,3,guanyu_zhou,3,6,3,"[3, 4]",-3,False
2024,3,esteban_ocon,6,9,16,"[15, 17]",7,False
2024,3,george_russell,5,8,16,"[15, 17]",8,False
2024,3,lewis_hamilton,4,7,14,"[13, 14]",7,False
2024,5,max_verstappen,10,13,16,"[15, 17]",3,False
2024,5,lando_norris,19,22,32,"[31, 33]",10,False
2024,5,sergio_perez,10,13,23,"[22, 24]",10,False
2024,5,charles_leclerc,18,21,32,"[31, 33]",11,False
2024,5,carlos_sainz,14,17,23,"[22, 24]",6,False
2024,5,george_russell,8,11,23,"[22, 24]",12,False
2024,5,fernando_alonso,8,11,16,"[15, 17]",5,False
2024,5,oscar_piastri,13,16,23,"[22, 24]",7,False
2024,5,lewis_hamilton,6,9,16,"[15, 17]",7,False
2024,5,nico_hulkenberg,5,8,16,"[15, 17]",8,False
2024,5,esteban_ocon,6,9,16,"[15, 17]",7,False
2024,5,alexander_albon,6,9,16,"[15, 17]",7,False
2024,5,pierre_gasly,8,11,23,"[22, 24]",12,False
2024,5,guanyu_zhou,5,8,16,"[15, 17]",8,False
2024,5,lance_stroll,6,9,16,"[15, 17]",7,False
2024,5,kevin_magnussen,14,17,16,"[15, 17]",-1,True
2024,5,logan_sargeant,9,12,23,"[22, 24]",11,False
2024,5,daniel_ricciardo,11,14,23,"[22, 24]",9,False
2024,5,yuki_tsunoda,5,8,16,"[15, 17]",8,False
2024,5,valtteri_bottas,6,9,18,"[17, 18]",9,False
2024,6,lando_norris,26,29,41,"[40, 42]",12,False
2024,6,max_verstappen,20,23,35,"[34, 36]",12,False
2024,6,charles_leclerc,16,19,31,"[30, 32]",12,False
2024,6,sergio_perez,14,17,19,"[18, 20]",2,False
2024,6,carlos_sainz,24,27,39,"[38, 40]",12,False
2024,6,lewis_hamilton,23,26,35,"[34, 36]",9,False
2024,6,yuki_tsunoda,25,28,40,"[39, 41]",12,False
2024,6,george_russell,21,24,35,"[34, 36]",11,False
2024,6,fernando_alonso,19,22,19,"[19, 20]",-3,False
2024,6,esteban_ocon,19,22,34,"[33, 35]",12,False
2024,6,nico_hulkenberg,9,12,19,"[18, 20]",7,False
2024,6,pierre_gasly,9,12,19,"[18, 20]",7,False
2024,6,oscar_piastri,24,27,39,"[38, 40]",12,False
2024,6,guanyu_zhou,25,28,40,"[39, 41]",12,False
2024,6,daniel_ricciardo,25,28,40,"[39, 41]",12,False
2024,6,valtteri_bottas,8,11,19,"[18, 20]",8,False
2024,6,lance_stroll,8,11,19,"[18, 20]",8,False
2024,6,alexander_albon,7,10,19,"[18, 20]",9,False
2024,6,kevin_magnussen,19,22,34,"[33, 35]",12,False
2024,6,logan_sargeant,8,11,23,"[22, 24]",12,False
2024,7,max_verstappen,21,24,29,"[28, 30]",5,False
2024,7,lando_norris,19,22,32,"[31, 33]",10,False
2024,7,charles_leclerc,22,25,37,"[36, 38]",12,False
2024,7,oscar_piastri,20,23,29,"[28, 30]",6,False
2024,7,carlos_sainz,24,27,24,"[24, 25]",-3,False
2024,7,lewis_hamilton,24,27,32,"[31, 33]",5,False
2024,7,george_russell,18,21,29,"[28, 30]",8,False
2024,7,sergio_perez,34,37,38,"[37, 39]",1,True
2024,7,lance_stroll,34,37,38,"[37, 39]",1,True
2024,7,yuki_tsunoda,9,12,23,"[22, 24]",11,False
2024,7,nico_hulkenberg,10,13,23,"[22, 24]",10,False
2024,7,kevin_magnussen,34,37,38,"[37, 39]",1,True
2024,7,daniel_ricciardo,8,11,23,"[22, 24]",12,False
2024,7,esteban_ocon,22,25,30,"[29, 31]",5,False
2024,7,guanyu_zhou,30,33,30,"[30, 31]",-3,False
2024,7,pierre_gasly,5,8,20,"[19, 21]",12,False
2024,7,logan_sargeant,28,31,30,"[29, 31]",-1,True
2024,7,valtteri_bottas,5,8,20,"[19, 21]",12,False
2024,7,fernando_alonso,4,7,19,"[18, 20]",12,False
2024,7,alexander_albon,5,8,20,"[19, 21]",12,False
2024,9,max_verstappen,22,25,22,"[22, 23]",-3,False
2024,9,lando_norris,23,26,23,"[23, 24]",-3,False
2024,9,george_russell,22,25,22,"[22, 23]",-3,False
2024,9,lewis_hamilton,22,25,22,"[22, 23]",-3,False
2024,9,oscar_piastri,22,25,22,"[22, 23]",-3,False
2024,9,fernando_alonso,22,25,22,"[22, 23]",-3,False
2024,9,lance_stroll,22,25,22,"[22, 23]",-3,False
2024,9,daniel_ricciardo,23,26,23,"[23, 24]",-3,False
2024,9,pierre_gasly,22,25,22,"[22, 23]",-3,False
2024,9,esteban_ocon,41,44,41,"[41, 42]",-3,False
2024,9,nico_hulkenberg,9,12,9,"[9, 10]",-3,False
2024,9,kevin_magnussen,4,7,4,"[4, 5]",-3,False
2024,9,valtteri_bottas,39,42,39,"[39, 40]",-3,False
2024,9,yuki_tsunoda,41,44,41,"[41, 42]",-3,False
2024,9,guanyu_zhou,21,24,21,"[21, 22]",-3,False
2024,9,carlos_sainz,22,25,23,"[22, 24]",-2,False
2024,9,alexander_albon,22,25,23,"[22, 24]",-2,False
2024,9,sergio_perez,22,25,23,"[22, 24]",-2,False
2024,9,charles_leclerc,22,25,31,"[30, 32]",6,False
2024,10,max_verstappen,14,17,24,"[23, 25]",7,False
2024,10,lando_norris,20,23,35,"[34, 36]",12,False
2024,10,lewis_hamilton,13,16,24,"[23, 25]",8,False
2024,10,george_russell,12,15,24,"[23, 25]",9,False
2024,10,charles_leclerc,21,24,35,"[34, 36]",11,False
2024,10,carlos_sainz,12,15,24,"[23, 25]",9,False
2024,10,oscar_piastri,18,21,32,"[31, 33]",11,False
2024,10,sergio_perez,10,13,24,"[23, 25]",11,False
2024,10,pierre_gasly,11,14,24,"[23, 25]",10,False
2024,10,esteban_ocon,10,13,24,"[23, 25]",11,False
2024,10,nico_hulkenberg,9,12,24,"[23, 25]",12,False
2024,10,fernando_alonso,16,19,24,"[23, 25]",5,False
2024,10,guanyu_zhou,6,9,21,"[20, 22]",12,False
2024,10,lance_stroll,14,17,24,"[23, 25]",7,False
2024,10,daniel_ricciardo,13,16,24,"[23, 25]",8,False
2024,10,valtteri_bottas,8,11,23,"[22, 24]",12,False
2024,10,kevin_magnussen,7,10,22,"[21, 23]",12,False
2024,10,alexander_albon,15,18,30,"[29, 31]",12,False
2024,10,yuki_tsunoda,6,9,21,"[20, 22]",12,False
2024,10,logan_sargeant,11,14,24,"[23, 25]",10,False
2024,11,george_russell,19,22,33,"[32, 34]",11,False
2024,11,oscar_piastri,22,25,37,"[36, 38]",12,False
2024,11,carlos_sainz,19,22,33,"[32, 34]",11,False
2024,11,lewis_hamilton,18,21,33,"[32, 34]",12,False
2024,11,max_verstappen,20,23,33,"[32, 34]",10,False
2024,11,nico_hulkenberg,8,11,23,"[22, 24]",12,False
2024,11,sergio_perez,18,21,33,"[32, 34]",12,False
2024,11,kevin_magnussen,7,10,22,"[21, 23]",12,False
2024,11,daniel_ricciardo,7,10,22,"[21, 23]",12,False
2024,11,pierre_gasly,17,20,23,"[22, 24]",3,False
2024,11,esteban_ocon,16,19,23,"[22, 24]",4,False
2024,11,lance_stroll,17,20,32,"[31, 33]",12,False
2024,11,yuki_tsunoda,18,21,32,"[31, 33]",11,False
2024,11,alexander_albon,9,12,22,"[21, 23]",10,False
2024,11,valtteri_bottas,16,19,22,"[21, 23]",3,False
2024,11,guanyu_zhou,25,28,38,"[37, 39]",10,False
2024,11,fernando_alonso,8,11,22,"[21, 23]",11,False
2024,11,lando_norris,20,23,30,"[29, 31]",7,False
2024,12,lewis_hamilton,24,27,30,"[29, 31]",3,False
2024,12,max_verstappen,23,26,23,"[23, 24]",-3,False
2024,12,lando_norris,24,27,30,"[29, 31]",3,False
2024,12,oscar_piastri,25,28,30,"[29, 31]",2,False
2024,12,carlos_sainz,23,26,23,"[23, 24]",-3,False
2024,12,nico_hulkenberg,23,26,23,"[23, 24]",-3,False
2024,12,lance_stroll,23,26,23,"[23, 24]",-3,False
2024,12,fernando_alonso,24,27,24,"[24, 25]",-3,False
2024,12,alexander_albon,24,27,30,"[29, 31]",3,False
2024,12,yuki_tsunoda,24,27,30,"[29, 31]",3,False
2024,12,logan_sargeant,24,27,30,"[29, 31]",3,False
2024,12,kevin_magnussen,24,27,30,"[29, 31]",3,False
2024,12,daniel_ricciardo,23,26,23,"[23, 24]",-3,False
2024,12,charles_leclerc,16,19,16,"[16, 17]",-3,False
2024,12,valtteri_bottas,23,26,23,"[23, 24]",-3,False
2024,12,esteban_ocon,16,19,16,"[16, 17]",-3,False
2024,12,sergio_perez,16,19,16,"[16, 17]",-3,False
2024,12,guanyu_zhou,9,12,14,"[13, 15]",2,False
2024,12,george_russell,24,27,31,"[30, 32]",4,False
2024,13,oscar_piastri,15,18,24,"[23, 25]",6,False
2024,13,lando_norris,14,17,24,"[23, 25]",7,False
2024,13,lewis_hamilton,13,16,24,"[23, 25]",8,False
2024,13,charles_leclerc,20,23,32,"[31, 33]",9,False
2024,13,max_verstappen,18,21,32,"[31, 33]",11,False
2024,13,carlos_sainz,18,21,32,"[31, 33]",11,False
2024,13,sergio_perez,25,28,38,"[37, 39]",10,False
2024,13,george_russell,30,33,38,"[37, 39]",5,False
2024,13,yuki_tsunoda,26,29,38,"[37, 39]",9,False
2024,13,lance_stroll,11,14,24,"[23, 25]",10,False
2024,13,fernando_alonso,4,7,19,"[18, 20]",12,False
2024,13,daniel_ricciardo,4,7,19,"[18, 20]",12,False
2024,13,alexander_albon,3,6,18,"[17, 19]",12,False
2024,13,kevin_magnussen,3,6,18,"[17, 19]",12,False
2024,13,valtteri_bottas,13,16,21,"[20, 22]",5,False
2024,13,logan_sargeant,5,8,20,"[19, 21]",12,False
2024,13,esteban_ocon,3,6,18,"[17, 19]",12,False
2024,13,guanyu_zhou,4,7,19,"[18, 20]",12,False
2024,13,pierre_gasly,25,28,30,"[29, 31]",2,False
2024,14,lewis_hamilton,8,11,20,"[19, 21]",9,False
2024,14,oscar_piastri,8,11,20,"[19, 21]",9,False
2024,14,charles_leclerc,9,12,20,"[19, 21]",8,False
2024,14,max_verstappen,7,10,20,"[19, 21]",10,False
2024,14,lando_norris,12,15,20,"[19, 21]",5,False
2024,14,carlos_sainz,17,20,20,"[19, 21]",0,True
2024,14,sergio_perez,8,11,20,"[19, 21]",9,False
2024,14,fernando_alonso,10,13,20,"[19, 21]",7,False
2024,14,esteban_ocon,9,12,20,"[19, 21]",8,False
2024,14,daniel_ricciardo,5,8,20,"[19, 21]",12,False
2024,14,lance_stroll,9,12,20,"[19, 21]",8,False
2024,14,alexander_albon,5,8,20,"[19, 21]",12,False
2024,14,pierre_gasly,6,9,20,"[19, 21]",11,False
2024,14,kevin_magnussen,14,17,20,"[19, 21]",3,False
2024,14,valtteri_bottas,8,11,20,"[19, 21]",9,False
2024,14,yuki_tsunoda,12,15,20,"[19, 21]",5,False
2024,14,logan_sargeant,5,8,20,"[19, 21]",12,False
2024,14,nico_hulkenberg,4,7,19,"[18, 20]",12,False
2024,14,george_russell,7,10,20,"[19, 21]",10,False
2024,15,lando_norris,25,28,39,"[38, 40]",11,False
2024,15,max_verstappen,24,27,39,"[38, 40]",12,False
2024,15,charles_leclerc,21,24,34,"[33, 35]",10,False
2024,15,oscar_piastri,30,33,39,"[38, 40]",6,False
2024,15,carlos_sainz,27,30,39,"[38, 40]",9,False
2024,15,sergio_perez,26,29,39,"[38, 40]",10,False
2024,15,george_russell,22,25,37,"[36, 38]",12,False
2024,15,lewis_hamilton,20,23,34,"[33, 35]",11,False
2024,15,pierre_gasly,29,32,38,"[37, 39]",6,False
2024,15,fernando_alonso,28,31,38,"[37, 39]",7,False
2024,15,nico_hulkenberg,11,14,22,"[21, 23]",8,False
2024,15,daniel_ricciardo,26,29,38,"[37, 39]",9,False
2024,15,lance_stroll,27,30,38,"[37, 39]",8,False
2024,15,alexander_albon,9,12,22,"[21, 23]",10,False
2024,15,esteban_ocon,27,30,38,"[37, 39]",8,False
2024,15,logan_sargeant,19,22,33,"[32, 34]",11,False
2024,15,yuki_tsunoda,11,14,22,"[21, 23]",8,False
2024,15,kevin_magnussen,37,40,38,"[37, 39]",-2,False
2024,15,valtteri_bottas,12,15,22,"[21, 23]",7,False
2024,15,guanyu_zhou,15,18,22,"[21, 23]",4,False
2024,16,charles_leclerc,12,15,19,"[18, 20]",4,False
2024,16,oscar_piastri,13,16,19,"[18, 20]",3,False
2024,16,lando_norris,11,14,19,"[18, 20]",5,False
2024,16,carlos_sainz,16,19,19,"[18, 20]",0,True
2024,16,lewis_hamilton,12,15,19,"[18, 20]",4,False
2024,16,max_verstappen,19,22,19,"[19, 20]",-3,False
2024,16,george_russell,8,11,19,"[18, 20]",8,False
2024,16,sergio_perez,20,23,20,"[20, 21]",-3,False
2024,16,alexander_albon,14,17,19,"[18, 20]",2,False
2024,16,kevin_magnussen,11,14,19,"[18, 20]",5,False
2024,16,fernando_alonso,9,12,10,"[9, 11]",-2,False
2024,16,franco_colapinto,13,16,19,"[18, 20]",3,False
2024,16,daniel_ricciardo,8,11,19,"[18, 20]",8,False
2024,16,esteban_ocon,28,31,28,"[28, 29]",-3,False
2024,16,pierre_gasly,7,10,19,"[18, 20]",9,False
2024,16,valtteri_bottas,30,33,30,"[30, 31]",-3,False
2024,16,nico_hulkenberg,2,5,3,"[2, 4]",-2,False
2024,16,guanyu_zhou,12,15,19,"[18, 20]",4,False
2024,16,lance_stroll,16,19,19,"[18, 20]",0,True
2024,17,oscar_piastri,12,15,18,"[17, 19]",3,False
2024,17,charles_leclerc,13,16,18,"[17, 19]",2,False
2024,17,george_russell,9,12,18,"[17, 19]",6,False
2024,17,lando_norris,34,37,34,"[34, 35]",-3,False
2024,17,max_verstappen,9,12,18,"[17, 19]",6,False
2024,17,fernando_alonso,8,11,11,"[10, 12]",0,True
2024,17,alexander_albon,28,31,30,"[29, 31]",-1,True
2024,17,franco_colapinto,7,10,18,"[17, 19]",8,False
2024,17,lewis_hamilton,9,12,18,"[17, 19]",6,False
2024,17,oliver_bearman,11,14,18,"[17, 19]",4,False
2024,17,nico_hulkenberg,12,15,18,"[17, 19]",3,False
2024,17,pierre_gasly,47,50,50,"[49, 50]",0,True
2024,17,daniel_ricciardo,46,49,46,"[46, 47]",-3,False
2024,17,guanyu_zhou,31,34,31,"[31, 32]",-3,False
2024,17,esteban_ocon,46,49,49,"[48, 49]",0,True
2024,17,valtteri_bottas,8,11,10,"[9, 11]",-1,True
2024,17,sergio_perez,10,13,10,"[10, 11]",-3,False
2024,17,carlos_sainz,14,17,20,"[19, 21]",3,False
2024,17,yuki_tsunoda,9,12,9,"[9, 10]",-3,False
2024,18,lando_norris,27,30,37,"[36, 38]",7,False
2024,18,max_verstappen,26,29,37,"[36, 38]",8,False
2024,18,oscar_piastri,35,38,44,"[43, 45]",6,False
2024,18,george_russell,24,27,37,"[36, 38]",10,False
2024,18,charles_leclerc,33,36,44,"[43, 45]",8,False
2024,18,lewis_hamilton,14,17,22,"[21, 23]",5,False
2024,18,carlos_sainz,10,13,22,"[21, 23]",9,False
2024,18,fernando_alonso,22,25,36,"[35, 37]",11,False
2024,18,nico_hulkenberg,26,29,36,"[35, 37]",7,False
2024,18,sergio_perez,25,28,36,"[35, 37]",8,False
2024,18,franco_colapinto,26,29,36,"[35, 37]",7,False
2024,18,yuki_tsunoda,30,33,44,"[43, 45]",11,False
2024,18,esteban_ocon,26,29,36,"[35, 37]",7,False
2024,18,lance_stroll,23,26,36,"[35, 37]",10,False
2024,18,guanyu_zhou,31,34,36,"[35, 37]",2,False
2024,18,valtteri_bottas,30,33,36,"[35, 37]",3,False
2024,18,pierre_gasly,34,37,44,"[43, 45]",7,False
2024,18,daniel_ricciardo,7,10,22,"[21, 23]",12,False
2024,18,kevin_magnussen,25,28,35,"[34, 36]",7,False
2024,18,alexander_albon,8,11,8,"[8, 9]",-3,False
2024,19,charles_leclerc,23,26,30,"[29, 31]",4,False
2024,19,carlos_sainz,18,21,30,"[29, 31]",9,False
2024,19,max_verstappen,22,25,30,"[29, 31]",5,False
2024,19,lando_norris,28,31,30,"[29, 31]",-1,True
2024,19,oscar_piastri,29,32,30,"[29, 31]",-2,False
2024,19,george_russell,37,40,46,"[45, 47]",6,False
2024,19,sergio_perez,23,26,30,"[29, 31]",4,False
2024,19,nico_hulkenberg,24,27,30,"[29, 31]",3,False
2024,19,liam_lawson,33,36,46,"[45, 47]",10,False
2024,19,franco_colapinto,36,39,46,"[45, 47]",7,False
2024,19,kevin_magnussen,14,17,19,"[18, 20]",2,False
2024,19,pierre_gasly,15,18,30,"[29, 31]",12,False
2024,19,fernando_alonso,23,26,23,"[23, 24]",-3,False
2024,19,yuki_tsunoda,15,18,30,"[29, 31]",12,False
2024,19,lance_stroll,24,27,30,"[29, 31]",3,False
2024,19,valtteri_bottas,12,15,21,"[20, 22]",6,False
2024,19,esteban_ocon,28,31,30,"[29, 31]",-1,True
2024,19,guanyu_zhou,10,13,21,"[20, 22]",8,False
2024,20,carlos_sainz,29,32,33,"[32, 34]",1,True
2024,20,lando_norris,27,30,33,"[32, 34]",3,False
2024,20,charles_leclerc,28,31,33,"[32, 34]",2,False
2024,20,lewis_hamilton,25,28,33,"[32, 34]",5,False
2024,20,george_russell,28,31,33,"[32, 34]",2,False
2024,20,max_verstappen,23,26,33,"[32, 34]",7,False
2024,20,kevin_magnussen,27,30,33,"[32, 34]",3,False
2024,20,oscar_piastri,36,39,38,"[37, 39]",-1,True
2024,20,nico_hulkenberg,26,29,32,"[31, 33]",3,False
2024,20,pierre_gasly,25,28,32,"[31, 33]",4,False
2024,20,lance_stroll,23,26,32,"[31, 33]",6,False
2024,20,franco_colapinto,44,47,44,"[44, 45]",-3,False
2024,20,esteban_ocon,45,48,60,"[59, 61]",12,False
2024,20,valtteri_bottas,46,49,60,"[59, 61]",11,False
2024,20,guanyu_zhou,40,43,40,"[40, 41]",-3,False
2024,20,liam_lawson,36,39,38,"[37, 39]",-1,True
2024,20,sergio_perez,17,20,32,"[31, 33]",12,False
2024,21,oliver_bearman,24,27,24,"[24, 25]",-3,False
2024,22,george_russell,9,12,21,"[20, 22]",9,False
2024,22,lewis_hamilton,10,13,21,"[20, 22]",8,False
2024,22,carlos_sainz,7,10,21,"[20, 22]",11,False
2024,22,charles_leclerc,6,9,21,"[20, 22]",12,False
2024,22,max_verstappen,8,11,21,"[20, 22]",10,False
2024,22,lando_norris,6,9,21,"[20, 22]",12,False
2024,22,oscar_piastri,7,10,21,"[20, 22]",11,False
2024,22,nico_hulkenberg,11,14,21,"[20, 22]",7,False
2024,22,yuki_tsunoda,7,10,21,"[20, 22]",11,False
2024,22,sergio_perez,14,17,16,"[15, 17]",-1,True
2024,22,fernando_alonso,1,4,1,"[1, 2]",-3,False
2024,22,kevin_magnussen,14,17,21,"[20, 22]",4,False
2024,22,guanyu_zhou,8,11,21,"[20, 22]",10,False
2024,22,franco_colapinto,13,16,16,"[15, 17]",0,True
2024,22,lance_stroll,6,9,21,"[20, 22]",12,False
2024,22,liam_lawson,8,11,21,"[20, 22]",10,False
2024,22,esteban_ocon,8,11,22,"[21, 23]",11,False
2024,22,valtteri_bottas,14,17,16,"[15, 17]",-1,True
2024,22,alexander_albon,6,9,6,"[6, 7]",-3,False
2024,22,pierre_gasly,7,10,14,"[13, 14]",4,False
2024,23,max_verstappen,32,35,33,"[32, 34]",-2,False
2024,23,charles_leclerc,32,35,33,"[32, 34]",-2,False
2024,23,oscar_piastri,31,34,31,"[31, 32]",-3,False
2024,23,george_russell,20,23,30,"[29, 31]",7,False
2024,23,pierre_gasly,32,35,33,"[32, 34]",-2,False
2024,23,carlos_sainz,31,34,31,"[31, 32]",-3,False
2024,23,fernando_alonso,32,35,32,"[32, 33]",-3,False
2024,23,guanyu_zhou,32,35,33,"[32, 34]",-2,False
2024,23,kevin_magnussen,24,27,30,"[29, 31]",3,False
2024,23,lando_norris,32,35,33,"[32, 34]",-2,False
2024,23,valtteri_bottas,21,24,30,"[29, 31]",6,False
2024,23,lewis_hamilton,31,34,33,"[32, 34]",-1,True
2024,23,yuki_tsunoda,32,35,33,"[32, 34]",-2,False
2024,23,liam_lawson,32,35,33,"[32, 34]",-2,False
2024,23,alexander_albon,32,35,33,"[32, 34]",-2,False
2024,23,sergio_perez,32,35,36,"[35, 37]",1,True
2024,24,lando_norris,23,26,23,"[23, 24]",-3,False
2024,24,carlos_sainz,22,25,23,"[22, 24]",-2,False
2024,24,charles_leclerc,17,20,19,"[18, 20]",-1,True
2024,24,lewis_hamilton,31,34,34,"[33, 35]",0,True
2024,24,george_russell,23,26,23,"[23, 24]",-3,False
2024,24,max_verstappen,26,29,33,"[32, 34]",4,False
2024,24,pierre_gasly,11,14,19,"[18, 20]",5,False
2024,24,nico_hulkenberg,10,13,19,"[18, 20]",6,False
2024,24,fernando_alonso,10,13,19,"[18, 20]",6,False
2024,24,oscar_piastri,1,4,3,"[2, 4]",-1,True
2024,24,alexander_albon,9,12,19,"[18, 20]",7,False
2024,24,yuki_tsunoda,19,22,19,"[19, 20]",-3,False
2024,24,guanyu_zhou,9,12,19,"[18, 20]",7,False
2024,24,lance_stroll,8,11,19,"[18, 20]",8,False
2024,24,jack_doohan,19,22,19,"[19, 20]",-3,False
2024,24,kevin_magnussen,9,12,19,"[18, 20]",7,False
2024,24,liam_lawson,20,23,21,"[20, 22]",-2,False
2024,24,valtteri_bottas,3,6,3,"[3, 4]",-3,False
